{
	"$schema": "https://schema.management.azure.com/schemas/2019-04-01/deploymentTemplate.json#",
	"contentVersion": "1.0.0.0",
	"parameters": {
		"storageCount": {
			"type": "int",
			"defaultValue": 3
		}
	},
	"resources": [{
		"type": "Microsoft.Storage/storageAccounts",
		"apiVersion": "2019-04-01",
		"name": "[concat(copyIndex(),'storage', uniqueString(resourceGroup().id))]",
		"location": "[resourceGroup().location]",
		"sku": {
			"name": "Standard_LRS"
		},
		"kind": "Storage",
		"properties": {},
		"copy": {
			"name": "storagecopy",
			"count": "[parameters('storageCount')]"
		}
	}]
}